id,text,is_unemployed,lost_job_1mo,job_search,is_hired_1mo,job_offer
0,I just got laid off I think I cried a little inside... worked for this company for so long....,1,1,0,0,0
4,GOT LAID OFF FROM MY JOB 2 WEEKS AGO AND I WAS KINDA SAD but thank god bc now Im doing photo work for Drais beach club,0,1,0,1,0
7,So I was laid off today (1 of 3 employees)..... But this right here makes me forget how much this‚Ä¶ http://t.co/BbUMa7rB5L,1,1,0,0,0
10,I just got laid off had to drive home in rush hour traffic and my car broke. Fuck you too life.,1,1,0,0,0
17,I was recently laid off by a large bank. Today they sent me a credit line increase and some fake CC checks. Dont they know Im out of work?,1,1,0,0,0
30,Well my first week being laid off I have no idea how I ever had time to work.  This week has been crazy busy with lake trip &amp; garage sale.,1,1,0,0,0
35,I got laid off two weeks ago now I got another job # All can do is thank God,0,1,0,1,0
37,I just got laid off from the warehouse I work in. Anybody know of any warehousing temp agencies prefe... http://t.co/WqMS3k21Vm #reddit,1,1,1,0,0
38,Suuurrrrrree I couldnt get laid off 3 weeks ago BEFORE I bought my new car. #unemployed #hireme #job #FML,1,1,0,0,0
41,Bad news: laid off from my recreation position. Good news: I was offered another job at the same building. Less hours but its a job.,0,1,0,1,0
43,Ill check this out within the coming days because Ive been terminated laid off and or locked out from my previous job. Thank you benefits,1,1,1,0,0
44,Just graduated college and got laid off before starting work. Not sure how to maximize my severance package - https://t.co/n7fgL3fDFR #tax‚Ä¶,1,1,0,0,0
49,Well got laid off from the job and love Madpack so lets give this streaming thing a try. http://t.co/1OyR5N2sou. Stream starting!!!,1,1,0,0,0
54,2. I was laid off from my BRAND NEW job Thursday. I havent fully processed that yet.,1,1,0,0,0
56,Wow great economy I have just been laid off my second job this year. #Obama #economy,1,1,0,0,0
57,Well Ive just been laid off two months before I was supposed to leave my job anyway. Anybody have openings?,1,1,1,0,0
58,With recently being laid off I now have the opportunity to go to London for 14 months!,1,1,0,0,0
61,Was just laid off due to the company closing.  Ive got 4.5 years of assisting experience. @taylorswift13 need an assistant? Insert panic.üò©,1,1,1,0,0
63,So I just got laid off work. #sucksballs but hey it just a job,1,1,0,0,0
64,Crazy how I got laid off just last week &amp; got a new job already,0,1,0,1,0
65,So I got laid off of from my job a couple weeks ago. A first for me. I was upset and a bit stressed at first of... https://t.co/3FArucZPX3,1,1,0,0,0
72,In a matter of two weeks my boyfriend and I have been laid off of 4 jobs. Aint that something?,1,1,0,0,0
74,I Just Got Laid Off ‚Ä¶ Now What? http://t.co/gqVcv99got #jobsearch,1,1,1,0,0
77,I got laid off 3 days ago and I still havent received my final paycheck. You better believe Im about to get paid for those 3 days!,1,1,0,0,0
78,Permanently laid off from my job jumping in to my own business! WEEK 1 UPDATE via /r/Entrepreneur https://t.co/WT40E9r96J,1,1,0,0,0
81,Got hired and unhired because I tested positive good morning,1,1,0,1,0
107,So I got hired @ this financial service place &amp; I already quit today.,1,1,0,1,0
114,lost my job today which sucks but a friend hired me right away to watch her twins starting tomorrow. So tomorrow is a beach day!,1,1,0,1,0
115,Lost my job yesterday. Jus got hired again LOLLL,0,1,0,1,0
116,i got 107 likes on an instagram photo of a bike so i hired an agent and quit my job today #NeverGiveUp,1,1,0,0,0
120,Quit my job last Monday and got rehired again today. Woo! So long unemployment,0,1,0,1,0
125,Quit my crap job yesterday today I got hired at a restaurant opening in March. #favor,0,1,0,1,0
126,So I got fired today and then rehired.. Fuck you Im fired. Im out,1,1,0,0,0
128,Craziest thing happened to me today..i lost my job..then got hired by another one an hour later..pure awesomeness,0,1,0,1,0
133,good news: I made $20 busking today. bad news: novelty store that hired me part-time unhired me before I started to hire back old employee.,1,1,0,1,0
144,My job fired me and just hired me back wtf is my life üò©üòÇ,0,1,0,1,0
249,Got fired today... Awesome,1,1,0,0,0
257,Got hired and fired in the same dayüòê,1,1,0,1,0
258,Dang somebody got fired today...,1,1,0,0,0
279,Got fired as from my nurse job today,1,1,0,0,0
345,On Friday we learned of a reduction in workforce and now I am searching  for a new opportunity. https://t.co/hfX15on1uo,1,1,1,0,0
488,Recently fired. And needed to get some business cards. So I had a fotoshoot... Thank God for being‚Ä¶ http://t.co/Krh5wgwJQL,1,1,0,0,0
494,I was fired from an amusement park job before starting my first day. MT @SVbizjournal: My worst summer job was __________________________.,1,1,0,0,0
497,I GOT FIRED FROM MY JOB so now I have lots of time to read books and make smoothies and think hateful thoughts about my former employers.,1,1,0,0,0
500,My boss saw me tweeting on the job. I got fired.,1,1,0,0,0
509,My best friend / boss fired me on Friday but I guess Im gonna meet him for a drink right now lol hope hes paying bc Im unemployed,1,1,0,0,0
517,Welp it happened i have 4 job interviews on the table after 2 weeks of getting fired.  Wow thats amazing.,1,1,1,0,0
522,I got fired from my new job because of a family members behavior my fish fell down the food‚Ä¶ https://t.co/kjHtS5PmeN,1,1,0,0,0
536,So last week I was forced to leave work early due a situation with my diabetes. I was fired. Are you fucking serious? Cant I sue you now?,1,1,0,0,0
542,Taco Bell fired me last night now Im over here questioning my worth.,1,1,0,0,0
544,Well this week starts as me basically being fired as a driver which means big pay cut which means shit,1,1,0,0,0
546,Yeah just fired me seriously.,1,1,0,0,0
551,I just got FIRED ! well not fired like that but yeah I got dismissed,1,1,0,0,0
557,Fired jail employee says she was treated unfairly: A former county jail employee fired earlier this week for‚Ä¶ http://t.co/nutav1vF3w,0,1,0,0,0
558,Roadhouse fired me? You cant fire me,1,1,0,0,0
675,Hey so I smacked a bitch today at work cause she would shut the duck up so I had to. So today I got fired and now I am a stay at home mom while my bae is at work,1,1,0,0,0
680,Well unemployed again just got fired for not knowing how to use a tape measure. Hello I am freaking dog. https://t.co/H10B3fj3Q5,1,1,0,0,0
696,So for the first time in 30 years...I got fired today.  I am looking for work or marketing work but let me know... https://t.co/99ZRjqBdJQ,1,1,1,0,0
705,Also my co-workers fired me cause I didnt come into work yesterday,1,1,0,0,0
707,My boss straight fired me and I have YET (after working like 4weeks) to receive a paycheck http://t.co/5nSY7uvm5M,1,1,0,0,0
712,Wait I just got fired before I even got to work so does this mean Im unemployed again!??,1,1,0,0,0
713,Guess I am fired not showing up last two days. Well I was gonna he tossed like garbage on a key error or whatever,1,1,0,0,0
714,Apparently I am still working with Avalon honda when I was fired a month ago. I just received a message from... http://t.co/T8ybKo0J2c,0,1,0,0,0
717,Well just got fired from my job but its ok I can move forward while my former alcoholic boss is still dealing with highschool kids,1,1,0,0,0
849,@EVSTGHXST feel it man. Im currently unemployed as of today as well. Shit is rough. Just gotta keep on keeping on.,1,1,0,0,0
865,Ive been unemployed for a week. I havent told anyone but have had 3 recruiters call and offer me shitty jobs.,1,1,1,0,0
951,Came in today long 450 $IP as my biggest position. Left with no position and $28k in my pocket lol,1,1,0,0,0
1076,am looking for a job i lost my job due to the misunderstanding btwn me and my manager according to the increment of my salary,1,1,1,0,0
1129,Well today was the first time in my working career that I was fired laid off I mean furloughed due to the #governmentshutdown. Smh,1,1,0,0,0
1130,Got laid off today. No warning. Sigh. Im really screwed now. #fml #unemployedlife,1,1,0,0,0
1131,Yay I got laid off today! I get to freelance now. #freedom http://t.co/0dYs8X4P7s,1,1,0,0,0
1132,I got laid off my job today. If anyone knows someone looking for a social/digital marketer with a can do attitude in the LA area hit me up.,1,1,1,0,0
1133,So I got laid off from toys r us yesterday and hired at chipotle today. #TYBG  üôèüôèüôè,0,1,0,1,0
1135,Got laid off from my day job. (makes jungle),1,1,0,0,0
1136,Today I got 5 followers 10 RTs and 20 favs on a single tweet about limp bizkit but I also got laid off so balance is restored I guess,1,1,0,0,0
1137,Got laid off today....got a lot of time on my hands I guess. #layoff,1,1,0,0,0
1139,I just got laid off today from my first job Ive ever had its weird,1,1,0,0,0
1140,I got laid off from work yesterday need a job asap near Indianapolis IN can start tomorrow need help #jobless #helpneeded,1,1,1,0,0
1143,Got laid off yesterday. Non stop job hunting today. -_-,1,1,1,0,0
1146,I got laid off today and I angrily played need for speed most wanted for 2 hours to cool off,1,1,0,0,0
1148,Today I got a 95% on my college algebra exam then I was told that I didnt have a check and I got laid off my job :( What a day!!!!,1,1,0,0,0
1150,Exactly last month I was laid off. Today I was called and offered 2 jobs on the same day. #Blessed,1,1,1,0,0
1151,well I was laid off today because the season is over so looks like its back to job hunting for me,1,1,1,0,0
1155,Got laid off today. #OnTheBrightSide I have more time to write! #BangOutABook #NaNoWriMo2016 #amwriting #PB #MG,1,1,0,0,0
1156,Today I got laid off but at least things in this ARG are really heating up. #ingame,1,1,0,0,0
1157,Just got laid off whose hiring,1,1,1,0,0
1158,Got laid off today. My company couldve done it so much better. #movingon,1,1,0,0,0
1160,Got laid off today fml,1,1,0,0,0
1161,Yeah I got laid off today because of some faggot dooshbag that turned into a bitch.,1,1,0,0,0
1162,Well today just became the worst day ever. Got laid off my job due to budget cuts. #BrokeAsAJoke,1,1,0,0,0
1163,Got laid off today. Kinda wanna die now. Am I being a debbie downer? :(,1,1,0,0,0
1164,I Got laid off today üñïüèª https://t.co/kevVjENAby @gifboomapp #gifboom,1,1,0,0,0
1165,I got laid off today sucks!!,1,1,0,0,0
1166,Got laid off today... bittersweet... not! Now I cam focus all my efforts on Real Estate! Lemme know how I can help you!,1,1,0,0,0
1169,In other news I got laid off today. #ayyyyyye,1,1,0,0,0
1170,I got laid off today. Im fuckedddd,1,1,0,0,0
1171,I got laid off today.  Im ready to persue makeup.  Chicago beauties...any job leads?,1,1,1,0,0
1174,Got laid off today. If 2016 could stop trying to crush my fucking soul...I would be so grateful.,1,1,0,0,0
1179,Only thing good about today: The tech reporter got laid off 10 minutes before I did.,1,1,0,0,0
1183,Got laid off today.  Maybe Ill be negative in weeks/months ahead but today I am enjoying being out of that place.,1,1,0,0,0
1184,So the company I do freelance for stopped production and I got basically laid off this week but Im going to start working fulltime at regular job and just asked for a big raise today so ¬Ø\_(„ÉÑ)_/¬Ø well see,0,1,0,0,0
1185,2 weeks ago I got laid off 2 weeks later I got 2 jobs paying more than the one that laid me off! üòÅüò≥,0,1,0,1,0
1188,Good news bad news time. Bad news I got laid off from one of my jobs. Good news just got a  position at one of the 8+ Gamestops near me,0,1,0,1,0
1190,Got laid off today almost like they knew how far behind I am on Mad Men.,1,1,0,0,0
1191,Ironic I drop the #EAT today and jus got laid off from my job..,1,1,0,0,0
1192,Got laid off 4-5 weeks ago waiting on new@job for training. Have benefits to collect.,1,1,0,0,0
1194,Just got laid off from my job today. :(,1,1,0,0,0
1196,Today I was laid off the day before I was going to put in my two weeks notice. My wife brought me home this! - #Pics https://t.co/KVcmqtbdkI,1,1,0,0,0
1198,Got laid off today. The Oilfield industry is brutal right now. Time to find a new job üòî,1,1,1,0,0
1199,Yes I Got Laid Off! Thank Goodness For Severance Packages - http://t.co/56o9gOiU8c via @FinancialSamura #Yakezie,1,1,0,0,0
1203,Today I was laid off from my ultrasound job due to cutbacks. But its all good bc Ill be at the @jakeowen concert next Thursday!!,1,1,0,0,0
1204,Ok got laid off.. Who needs a computer techie?  #unemployed,1,1,1,0,0
1205,Got laid off today :/#work,1,1,0,0,0
1206,got laid off today #LoL #WTF DRINK A #Beer for #Dinner,1,1,0,0,0
1208,Yesterday I was laid off. Today I played with my kiddo talked with a TON of people am sprucing up my resume coffee meeting at 2. #islay,1,1,1,0,0
1491,Lost my job cause I was lock up on the day I was to work wow.....still getting money tho ha idc bout to party this weekend and the next,1,1,0,0,0
1532,Got fired this morning from a job that Ive only worked 3 days at lol.,1,1,0,0,0
1541,This week I got into a massive fight with the guy who got me pregnant got fired from my job broke my new phone and tomorrow I have to go get std testing done because I was raped a few weeks ago. It‚Äôs only Wednesday. If there is a higher power it wants me to give up.,1,1,0,0,0
1542,Showed up to work today thinking I still had a job and my uncle told me to gtfo and never come back... looks like he actually did fire me...,1,1,0,0,0
1547,Got fired from my morning job. Oh well Outback has my heart anyways.,1,1,0,0,0
1554,alright every who needs to pay me back better do it now cuz I just got fired from my job,1,1,0,0,0
1555,I got fired from one of my jobs bitch Im straight to the Welfare office like can i get some food stamps or nah,1,1,0,0,0
1561,This week i ditched my job ended a once great but now toxic friendship and cleared a major body image hurdle. I am on a roll.,1,1,0,0,0
1562,I was terminated from my job this morning in my bosss kitchen. He ate toast I had some reality.,1,1,0,0,0
1666,Got fired got hired and quit a job all in the same day üòÇ aint that some SHITTT,1,1,0,1,0
1671,My Assignment at my job ends today. Quit my delivery job on weekends but I got interview Monday and Footba season almost back at metlife !,1,1,1,0,0
1672,simultaneously quit &amp; got fired today. They tried to fire me I showed up 2 hrs early &amp; quit first. #BitchesCantBeTrusted,1,1,0,0,0
1679,today I signed a contract quit my old job quit my new job then unquit my old job  so that was just great üéÉüî´,0,1,0,1,0
1680,I quit my job today I gave my two weeks notice but bitch told me to get her yoshinoya. She didnt ask lol nope bye,1,1,0,0,0
1683,I quit my job today lol Going to start looking for a new job,1,1,1,0,0
1684,Quit my job yesterday got a new one today,0,1,0,1,0
1690,So the break room at work hat a TV with Netflix. Means a co worker put on the office 5 min later a bitch comes up and puts on riverdale with out asking...needless to say I quit my job today,1,1,0,0,0
1691,I quit my job yesterday &amp; got a raise today :),1,1,0,0,0
1693,TODAY I QUIT MY JOB...in three weeks,1,1,0,0,0
1705,Jared says: I am laid off for two weeks n I filed a claim for unemployment when I went to certify I answer... http://t.co/w253Vh9jMQ,1,1,0,0,0
1710,How can Ex-Non-profit workers receive Unemployment?: I was recently laid off from a non-profit and was informed ... http://t.co/tndpQOXu,1,1,0,0,0
1713,Welp.  Laid off again.  If I do such good work whys no one wanna keep me around?#unemployed,1,1,0,0,0
1716,Photo: Today I was laid off #layoff #unemployed :-( I am very sad but optimistic anyway‚Ä¶. One door slaps me... http://t.co/RMgG27F6vd,1,1,0,0,0
1723,#talkpay after being laid off it took 3 weeks to get my first unemployment check: $300 minus reported income from part-time contract work,1,1,0,0,0
1732,Day 8 of being unemployed: From laid off to unemployed http://t.co/ho30xFHS #jobsearch #blog #unemployed #jobs #nonprofit,1,1,1,0,0
1733,To all of my baseball fan family:I was laid off yesterday and am unemployed 1st time in 20 yrs. Send leads my way pls! @BaseballDo @TepidP,1,1,1,0,0
1736,Laid off Friday unemployment office Monday sigh,1,1,0,0,0
1740,@crookedhooligan Im so sorry autumn :/ if I didnt just get laid off I would in a sec. When unemployment kicks in I will. Thoughts w/ youüôèüèº,1,1,0,0,0
1749,Freshly laid off checklist:‚úî Call partner‚úî Call Mom‚úî Call Dad-- Wait on hold forever with unemployment. üòì,1,1,0,0,0
1750,Im getting laid off for the first time in 13 years..still love my union! No fault of ours we make the paycheck for the salary guys!,1,1,0,0,0
1764,RT @CoopSoSarc: *gets LAID off*explains reason for DISCHARGE*reviews severance PACKAGEUnemployment is HARD,1,1,0,0,0
1771,So who wants to buy a GoPro package at a reduced price!? Unfortunately I got laid off my job and need to sell a GoPro....,1,1,0,0,0
1773,Got laid off Monday and now my boss askin can I work next week. Make up to damn mind!!! Smh,1,1,0,0,0
1868,@fsmikey @FSBigBob last day listening at 6am for a little while. Getting laid off at noon. Thanks for the laughs! #Illbeback,0,1,0,0,0
1917,@cory1976 Just a lot going on. Got laid off before vacation and now I need to figure out what I‚Äôm doing. Feeling a bit overwhelmed. :/,1,1,0,0,0
1919,Between the news of being laid off yesterday and then spending this afternoon in the ER with my oldest for a... http://t.co/8A3xzoZtKO,1,1,0,0,0
1925,News alert: I just got laid off so I guess that means Im a full time #streamer. Eeek üò∂ #twitch,1,1,0,0,0
1940,Recently lost my job and Im doing what I can to stay positive and plan the next few months. I feel theyre crucial.,1,1,0,0,0
1955,I recently left my day job to start my own businesses. Work hard for what you want. For who is there to stop you? #MonkofKnowledge,0,1,0,0,0
1967,So I recently quit my job and I gotta look for another one tomorrow. I can do it!!,1,1,1,0,0
1968,I recently quit my job to make $9023 from my phone PRESS THE LINK INSIDE BIO to do it too https://t.co/E9a1gJhVqX,1,1,0,0,1
2000,I recently quit my job to roll in $9023 from my phone PRESS THE LINK INSIDE BIO to do it too https://t.co/D3vFJfPToV,0,1,0,0,1
2004,As you all know I recently was let go at my job. You also know I am in Love with Jamberry. So here I go I just started on my journey wit...,1,1,0,0,0
2012,Got fired a few weeks ago for showing up a few minutes late several times. You can ask my boss. Got hired back and put on days. Its cool.,0,1,0,1,0
2015,My sudden job change is proof of this. Fired 1/14 hired 1/23 at a better job. God is good we just ha http://t.co/xLQj6tqut2,0,1,0,1,0
2016,A girl we hired three weeks ago married my client for his money which is a million dollars and fired me,1,1,0,0,0
2017,dont know how I feel about being fired and rehired all in a span of 2 days. so weird honestly.,0,1,0,1,0
2173,Last Saturday was my last day of work at Sukis. Being unemployed feels strange..lol,1,1,0,0,0
2178,You can tell Ive been unemployed for 2 weeks. Wrote 2012 on all of my paperwork this morning. Oops.,1,1,0,0,0
2187,Officially unemployed. Im gonna miss all the little kids from work some good memories with them.,1,1,0,0,0
2189,Starting week #2 of being unemployed and I am still freaking out :( I need a job and soon...,1,1,1,0,0
2191,Today I became unemployed.   Please visit http://t.co/zH0tVlyhdv and let me know how I can help your company,1,1,1,0,0
2196,Officially unemployed. Anybody want to give me a job?,1,1,1,0,0
2200,Lord. As of 30 minutes ago Im officially unemployed and I couldnt feel better about everything.,1,1,0,0,0
2201,Im now unemployed. This feels odd.,1,1,0,0,0
2202,I am officially unemployed now. Yay.,1,1,0,0,0
2209,I am now unemployed and that feels weird.,1,1,0,0,0
2211,And now Im unemployed again üòí #fucking#sequester http://t.co/mkRlgxwihe,1,1,0,0,0
2212,And I am now officially unemployed,1,1,0,0,0
2215,Today marks a week that I have been unemployed. ¬†I will admit that it is very scary. ¬†I have applied at... http://t.co/Odp4ei4bwd,1,1,1,0,0
2217,Two weeks officially #unemployed and Ive recon firmed that being a #SAHM is not my thing. Best enjoy it whilst I can!,1,1,0,0,0
2218,Unemployed for a month now. I feel like such a bum.,1,1,0,0,0
2219,Im having work email withdrawals. #day1 #unemployed,1,1,0,0,0
2222,Ive been unemployed for a month. Sent two important lengthy emails today. Im tired. Im excited.,1,1,1,0,0
2226,Unemployed since Friday. This sucks.,1,1,0,0,0
2228,A month ago I was unemployed and now next week I have work every day,0,1,0,1,0
2229,So Im technically unemployed until Monday.  This hasnt been a thing in over 10 years.  What do I do with my time?,1,1,0,0,0
2232,So i got shitty news today and Im unemployed once again. My life pretty much sucks right now. #sadday #fml,1,1,0,0,0
2234,@ProfKFH all Im unemployed. I was fired 2 weeks ago. So be blessed you have one. :),1,1,0,0,0
2237,I skipped work one day and was bored out my mind RT @FullMoonVoodoo: Ive been unemployed for 28 fucking days. This shit is not for me.,1,1,0,0,0
2238,@CoolerThan_Cool Boyyyy subway just fired my goofy ass today. So right now Im unemployed until I workout a schedule for DD.,1,1,0,0,0
2308,Oh boy... Now I can change my job occupation from student to unemployed ...Oh 21st Century you are THE BEST!,1,1,0,0,0
2313,Well has of yesterday I am unemployed (quit my job). Yes had enough my body and health can not take it anymore. Start looking tomorrow.,1,1,1,0,0
2319,I was unemployed for 3 weeks. I couldve started a job sooner but I choose not to so now I have to train myself to go to bed before 5am lol,0,1,0,0,0
2325,Ive been unemployed now for about 5 days...I am not about this life #ineedanotherjob,1,1,1,0,0
2326,oh man im like unemployed for three days. but also new job in three days! also also three day weekend!,1,1,0,1,0
2327,I had so much fun being unemployed for 3 days after quitting my job but now I have to go back to work fuck my life lmao,0,1,0,1,0
2332,I‚Äôve only been unemployed for 10 days and I was blessed with a job when I wasn‚Äôt even looking and I start tomorrow. A bitch just want 2 sleep!!,0,1,0,1,0
2498,This week I resigned from my position... - Jean-Fran√ßois Gari√©py | Facebook - (via This week I resigned from my ‚Ä¶ http://t.co/PODrij5QLn,1,1,0,0,0
2873,So Ive been unemployed for like 3 hours and I need to work.,1,1,1,0,0
2899,I had the shortest job ever. Got hired on Friday &amp; boss told me he changed his mind about offering the position when I came in 1st day. :O,1,1,0,1,0
2907,I put myself in a bad position by quitting today but eh 2 weeks to find a job isnt that bad,1,1,1,0,0
2927,I passed my hard course but lost my job. Couldnt have put me in a harder position.,1,1,0,0,0
2928,I lost my fish and position all in one night. Wheres my gold star?,1,1,0,0,0
3026,yesterday i spontaneously dyed my hair black today i spontaneously quit my job what will tomorrow bring,1,1,0,0,0
3028,And I quit my job today....,1,1,0,0,0
3034,So i quite my job today and just said fuck yall and left,1,1,0,0,0
3035,i quit my job today cause who cares i do not i realized i am smarter than everyone and now my head hurts,1,1,0,0,0
3038,so basically I put my notice in to quit today so uh yeah,1,1,0,0,0
3039,today i quit my job. then i told my boss to go fuck himself and blackmailed him for almost $60000. can you pass the asparagus?,1,1,0,0,0
3044,I quit today. Actually I quit this week can it be the weekend??,1,1,0,0,0
3045,Today i quit my job. Everything is about to change for the better time to take a leap of faith with my career do what you love and do it well it‚Äôs time. Last year being broke,1,1,0,0,0
3046,Had to Quit My Job Yesterday Because My Co Worker Let All My Co Workers Know Im From 40s,1,1,0,0,0
3048,fuck dude I quit my job yesterday. Now how do I pay my phone bill and buy weed and cigarettes,1,1,0,0,0
3049,I quit a job 2 weeks ago after 3 days then they call me today to offer a different job. When does this happen?!,1,1,0,0,1
3050,So I quit my job today....,1,1,0,0,0
3052,I quit my job at Starbucks so I could have more time for school but then I my depression came back &amp; I havent done shit since week 2 fml,1,1,0,0,0
3055,I called my hoe n said I quit my job today,1,1,0,0,0
3056,In other news I quit my job today,1,1,0,0,0
3057,yesterday I quit my job &amp; today I spent all day riding roller coasters,1,1,0,0,0
3060,I quit my job today I feel good about it,1,1,0,0,0
3061,Fell asleep at the wheel the other nightbrakes failed and got in car accident yesterdayquit job tonight then got pulled over what the fuck,1,1,0,0,0
3062,So I quit my job yesterday LOL,1,1,0,0,0
3063,So I quit my job today. Does anybody know if Office Depot is looking for animators?,1,1,1,0,0
3071,today I quit both my jobs accepted Jesus back into my life and quit all hard drugs,1,1,0,0,0
3073,Oh yeah I quit my serving job today also!  Gosh its just a bad month,1,1,0,0,0
3074,I quit my job and 3 people have texted me since then saying they quit too.,1,1,0,0,0
3078,Well I quit my job today.....,1,1,0,0,0
3080,I just repeatedly called a woman the wrong name in a meeting at work. Everyone laughed at me a lot. Unrelated I quit my job today.,1,1,0,0,0
3085,I quit my job and my car broke down all today so now Im a broke bitch with no whip. smh life.,1,1,0,0,0
3092,damn I quit my job today shit got real I need to rob a bank,1,1,0,0,0
3095,I officially quit Target today I learned my self worth and they are so disrespectful &amp; petty  their Im over it,1,1,0,0,0
3096,So I quit my job yesterday. Is this when I should start watching How To Live With Your Parents? #PleaseKnock,1,1,0,0,0
3097,Today I quit my job and immediately had some retail therapy.. because logic ü§∑üèª‚Äç‚ôÄÔ∏è,1,1,0,0,0
3102,I got laid off earlier this month so I started a blog. Check it out! https://t.co/YJbRTiFuiE. #ThePinkSlip #UnemployedAndAnnoyed,1,1,0,0,0
3106,I recently found out that I‚Äôm being laid off of my job... https://t.co/pqH4KMpYrj #vlogger #youtuber #smallyoutuber #RWOYT #youtube,1,1,0,0,0
3107,Urgent - if you know of a marketing/communications job opening please let me know. Ive been laid off. Thank you.,1,1,1,0,0
3112,@DMRegister not well recently laid off. Struggle making essential payments. Looking for new opportunities all I can find is for lower pay.,1,1,1,0,0
3113,I got laid off from my job and for some reason Pa. Dept. of Labor thinks I dont deserve unemployment benefits so thats really fun.,1,1,0,0,0
3118,@DeptVetAffairs I recently got laid off and I dont qualify for unemployment because I havent worked there long enough.,1,1,0,0,0
3123,@RetroFlea well I was laid off 2 weeks ago searching for a job because my job laid 18 thousand + people so I think I can bitch (:,1,1,0,0,0
3124,Oh hai I got laid off/downsized/let go for economic reasons. Cant wait to file for unemployment. I needed a vacation.,1,1,0,0,0
3135,#esurancesave30 Since I just got laid off and not sure how long it will take me to find a new day job.,1,1,1,0,0
3143,RT @jacobkleinman: Well i just got laid off at Mic. If you know of any positions in gaming tech media hit me up,1,1,1,0,0
3145,And with that...I am officially unemployed...laid off from the Mortgage Specialists. If anyone knows of a local... http://t.co/fODGkqNqQV,1,1,1,0,0
3152,Looking for a new opportunity in Seattle as I was just laid off with half of Cheeseburger. Contact me or Shauna Swerland at GloCap with an ‚Ä¶,1,1,1,0,0
3162,Got laid off today anyone who knows of good places hiring pls let me know,1,1,1,0,0
3163,Got laid off and paid today. W.e. Im in the union I start working in the next 2 days.,1,1,0,1,0
3165,I GOT LAID OFF YESTERDAY AND GOT TO JOBS TODAY üòä‚ò∫üòäüòäüòÜüòÜ,0,1,0,1,0
3167,Wow I just realized I got laid off and hired in one month. Laid off April 7th hired May 7th. Really got a job in one month.,0,1,0,1,0
3170,I got laid off of my job today..... Perfect :/,1,1,0,0,0
3171,Hi guys. I officially got laid off today. Send beer. Thanks. Also please hire me.,1,1,1,0,0
3172,Got laid off from my job today.... #universityofiowa #pissedoff,1,1,0,0,0
3174,Looking for a job. I was fired two weeks ago .,1,1,1,0,0
3200,lmao omar just fired me I need a new job.,1,1,1,0,0
3205,I have been tested and got fired.,1,1,0,0,0
3210,well once again i have been fired from another salon.  i am new to hair cutting only having done it for a year and a half. but i think..,1,1,0,0,0
3216,I Was Fired From My Old Job 4 Days Ago And Already Have A New One,0,1,0,1,0
3238,I got fired today then hired seconds later HA!! #MyLife,0,1,0,1,0
3239,Got fired on Wednesday got my job back yesterday and I work today haYesterday was my day off too so its like I was never fired at allMy manager hates me even more now I know it aha,0,1,0,1,0
3240,Gave my supervisor a evaluation today also I got fired today,1,1,0,0,0
3243,I did a gig today where I got hired fired and rehire all in 30 minutes.,0,1,0,1,0
3244,I got fired today......,1,1,0,0,0
3245,Ahh first time i get fired..after like 20 jobs of never getting fired i did today lol and somehow i think its funny lol ohh well,1,1,0,0,0
3246,Nigga I been fired from 5 jobs had to quit from 3 AND my whole workplace got laid off today Im 20 homie fuck that you just gotta #Maintain,1,1,0,0,0
3248,Got fired today..,1,1,0,0,0
3249,I got fired today bcuz I didnt feel like working and I dont even care.,1,1,0,0,0
3250,Salty i got fired today lol Ill have a job bye tomorrow tho aint tripping,1,1,1,0,0
3251,I find it funny that I was fired yesterday and then rehired lol,0,1,0,1,0
3252,i got fired and then rehired haha,0,1,0,1,0
3256,I was hired for GameStop and worked like 2 weeks and then the manager completely stopped communicating with me so I was like...fired? Idk,1,1,0,0,0
3258,Fired for the day unfortunately Ill be rehired tomorrow #familyfarmprobs,1,1,0,0,0
3260,Now Im being fired for making the bride cry instead of passing hor doeuvres as I was hired to do. Well if that dont beat all!!,1,1,0,0,0
3264,I just got fired to get rehired as a cashier lmao,0,1,0,1,0
3265,Got fired for two hours then rehired. Wtff #NOBITCH I need to start looking for a new job,0,1,1,1,0
3268,Quit my job last night got hired on the spot this morning.,0,1,0,1,0
3269,i got fired again today by Alex English. usually happens once a week. today ill bring him lukes lobster so i can get re hired...,1,1,0,0,0
3274,Got fired last week got hired this week lol,0,1,0,1,0
3278,I got hired at a job last week &amp; quit the next day &amp; skipped two interviews that I had this week. I cant with myself.,1,1,1,1,0
3285,my dad just fired and rehired me within five minutes so thats fun.,0,1,0,1,0
3290,Star Wars hired me as a celebrity endorser of their new products. I was immediately fired http://t.co/9MvRJ9n1Up,1,1,0,1,0
3293,I Got Fired  &amp; Rehired lol,0,1,0,1,0
3299,Today: my mother fired me from work and then rehired me. Oh.,0,1,0,1,0
3315,Haha! 3 of the girls that got hired with me quit forever21 too,1,1,0,0,0
3343,Who hiring? I just got fired,1,1,1,0,0
3352,anyone know where I should work next?? turns out I got fired and didnt really know so I guess Im on the prowl,1,1,1,0,0
3370,got fired because my foot is broken. where is hiring?,1,1,1,0,0
3386,Who gets fired then hired in the same day???? @AlyciaLeee #BALLER,0,1,0,1,0
3388,Who gets fired for not answering their employers calls on their APPROVED requested days off!? #ThisGirl #Lame #ImMad,1,1,0,0,0
3418,I got fired from my GM position üòîüòî https://t.co/eUem1QNWPa,1,1,0,0,0
3423,Yesterday was my last day at eVgo.  I was told my position was being eliminated and moving to California.  Therefore it looks like the job‚Ä¶,1,1,0,0,0
3424,So my position was eliminated last week now I find out that the owners (nephew I think?) began working there a few days later. Hmmm.,1,1,0,0,0
3431,My position at AMC was eliminated this morning so if anyone needs a lunch date or has a lead on an interesting gig PM me! #time4change,1,1,1,0,0
3444,I got a schooling email today with a job listing for my position. Wow way to learn youve been fired...,1,1,0,0,0
3446,@KoderKev HR did say the shorter they needed me for the temp the better it would be for the permanent position but it feels like I was fired,1,1,0,0,0
3459,Alright got fired from a volunteer position new low in life whatever still setting milestones.,1,1,0,0,0
3480,PRAISE JESUS AND THE LORD GOD after a MONTH of unemployment I. HAVE. A. JOB!!!!!!,0,1,0,1,0
3487,today is the first day in 2 years that I really am unemployed with no job &amp; it feel GREAT! üòÇ,1,1,0,0,0
3494,Im unemployed and I dont care Im unemployed and I dont care Im unemployed and I dont care cause Im finally out of that job!,1,1,0,0,0
3507,Going 2 be unemployed for a week until my new job starts but I cant afford that wait so now I gotta sell my body like the bonafide hoe I am,1,1,0,1,0
3535,Anyone in the greater Portland area know of any photography/videography type jobs? Amigo just got laid off.,1,1,1,0,0
3538,anyone know anywere hiring? I got laid off this week and gotta find another job asap before i lose my house,1,1,1,0,0
3539,Hey I got laid off today. @FBI you hiring?,1,1,1,0,0
3540,HeyI got laid off from Alorica. Of anyone knows a place thats hiring Let me know.,1,1,1,0,0
3541,Got laid off today.  :(  Will rest this July 4th weekend and then start looking next Tuesday.  Anyone wants to hire me?,1,1,1,0,0
3681,cant believe i was just unemployed 50K divorce debt 40K hit by IRS no health insurance forced to buy it from the government or be fined..,1,1,0,0,0
3716,And.... Now Im unemployed.,1,1,0,0,0
3735,I am now officially unemployed! Yatta!,1,1,0,0,0
3749,Annnnnd now I am officially unemployed.,1,1,0,0,0
3840,Started the day off losing my job... An hour after got hired for a better one you could say its been a great day,0,1,0,1,0
3845,i just got laid off??????? or fired?????? for budget reasons??????? even though they hired some new guy last week??????? Im gonna puke?????,1,1,0,0,0
3858,Literally lost a job and 5 min later got hired somewhere else #peopleskills #closeddoor #openwindow #happy #lucky,0,1,0,1,0
3866,Hey lucky me!! I got fired today with no notice for the sole reason that the owner hired a friend. Fucking Awesome!!,1,1,0,0,0
3868,I just got fired from my job and rehired all within 15 minutes üòê,0,1,0,1,0
3870,Worst time of the year when I gotta go on the out of work list at my union hall and I cant smoke till I get hired on again,1,1,0,0,0
3872,Im no longer hired he said that I been fired,1,1,0,0,0
3877,I just got fired then immediately re-hired.,0,1,0,1,0
3935,I got hired before I got laid off today #boilergypsy,0,1,0,1,0
3983,I just quit my job cause I got hired some where else &amp; I start today YES GAWD!,0,1,0,1,0
4007,Hey everyone- Im once again unemployed. If you know of any opportunities PLEASE contact me asap! It would be greatly appreciated #wompwomp,1,1,1,0,0
4039,I Am Officially Unemployed https://t.co/IKnjFc1HS7 https://t.co/1Xzd5mz31w,1,1,0,0,0
4042,Well I am currently unemployed again what a day!!,1,1,0,0,0
4052,Just finished my last day at work after 4 years. I am officially unemployed,1,1,0,0,0
4055,For the first time in 19 years I am presently not a Pittsburgh city employee. #unemployed,1,1,0,0,0
4057,I am unemployed for the next 72 hours so Im getting weird.,1,1,0,0,0
4059,So as of 430 today I am currently unemployed again :( although we still have one paycheck left,1,1,0,0,0
4060,as of today for the first time in two years.....I am officially unemployed,1,1,0,0,0
4065,my old manager is trying to tell unemployment that I never called in on October 11th. Please explain this? Also I was fired on October 13th and my paycheck was ready 3 days later. If I stopped showing up why did I get a check so soon? I normally receive DP ü§∑‚Äç‚ôÄÔ∏è @ChipotleTweets https://t.co/JyjxOMGlCR,1,1,0,0,0
4066,GFS calls me telling me that I work today but they fired me on Sunday?????,1,1,0,0,0
4077,my impulse to dye my hair pink conveniently begins 1 day after my impulse to not show up to work. i made pizza from scratch got fired  mmm,1,1,0,0,0
4097,My boss fired me Friday and is now refusing to pay me for the hours w: I work in a private home doing care for... http://t.co/8UjRkVTu0J,1,1,0,0,0
4099,my manager just called me to let me know Ive been fired https://t.co/hpJM91JvNf,1,1,0,0,0
4362,@rsalcido92: Its about time I say that..... I got fired today :((((  fuck Target!! Haha,1,1,0,0,0
4409,@Greenstoner1 yeah your boy got fired from Petsmart so now Im about to work at costco,1,1,0,1,0
4443,Today I said fuck a job and quit.,1,1,0,0,0
4450,I quit my job today &amp;amp; my general manager begged me to stay haha,1,1,0,0,0
4456,Quit my job yesterday and got a job today #merica,0,1,0,1,0
4457,Today I said fuck it..I quit my job and became a #unicron,1,1,0,0,0
4463,I quit H&amp;M on the 2nd day but I went in there yesterday for some jackets....yall think theyll hire me back just for the discount again ?,1,1,0,0,0
4468,I quit my job whos hiring?,1,1,1,0,0
4473,I quit a job today &amp; got two other job offers üòè,1,1,1,0,0
4475,So I quit my job today guys..ITS LIT,1,1,0,0,0
4477,Yaaaaas quit my job today and got hired at another üëåüëèüôåüíØ,1,1,0,1,0
4480,Yup I quit today,1,1,0,0,0
4484,Started A New Job Yesterday  And Quit Today,1,1,0,1,0
4486,So to answer a few ??s about the fine dining job they lied about my hours/pay/job description so I quit Tuesday so I went to Hooters today,1,1,0,0,0
4491,Went to class still drunk got a A on my presentation and quit my job. Today waZ gud,1,1,0,0,0
4494,I quit my job yesterday nigga had me so fucked up trying to play me,1,1,0,0,0
4497,I quit my job today...,1,1,0,0,0
4499,I quit my job today to pursue my dream of being unemployed which I achieved immediately. Its all happening so fast!,1,1,0,0,0
4503,I quit today my spirit was crippled by the man so i had to move around,1,1,0,0,0
4508,Today I quit my job while at a concert so...,1,1,0,0,0
4528,Day 4 of unemployment finds me debating about doing freelance work vs working for another company vs being a international jewel thief.,1,1,0,0,0
4543,Every time I get in an argument with someone they say you dont work I aint been unemployed a full two weeks yet lol,1,1,0,0,0
4545,And not even after a month of unemployment I am a working man again,0,1,0,1,0
4546,Goodnight world! Tomorrow is the second day of unemployment! Really gonna turn my room into my workplace. JK!,1,1,0,0,0
4582,Applying for jobs like crazy!! Need to find work soon cause being unemployed sucks. I am going stir crazy and its only been a week!,1,1,1,0,0
4596,While technically I have now been unemployed a full month it is the 1st week without any real structure. Trying to find a new life rhythm.,1,1,0,0,0
4601,I am looking for a job been unemployed for a month @SERHouston @HOUcustservice @Tweet_Houston @HoustonJobsFair @JobinHouston1,1,1,0,0,0
4603,Car was towed today alhough Ive been unable to drive for a month &amp; I have to find 100s to get it even tho Ive been unemployed for a month.,1,1,0,0,0
4712,I got fired from my job today,1,1,0,0,0
4713,Today at work everyone got fired because its impossible to have good security on The Cyber. Kinda bummed to lose the job but its the truth,1,1,0,0,0
4716,so i got fired today,1,1,0,0,0
4720,I think I got fired from my job. Oh well,1,1,0,0,0
4721,Call me bitter but its bullshit that I worked my ass off and got fired from my job but people fuck around and dont get fired #FuckThat,1,1,0,0,0
4723,I got fired from Rite Aid today....,1,1,0,0,0
4725,i recently got fired for sleeping on the job. i ddnt really like being a pilot that much anyway,1,1,0,0,0
4729,I literally got fired 1 week and a day ago and is now about to start a new job next week. Cant stop my flow #NewDay,1,1,0,1,0
4730,I was recently fired from my job seeking unemployment and better work,1,1,1,0,0
4758,My boss fired me as I was about quit haha its all good Ill be getting more pay,1,1,0,0,0
4760,One of my managers took me off the schedule for a whole week or fired meBut just got a new job offer from a different place god is good,1,1,0,1,0
4767,I got my last check from my old job yesterday and will get a check from my new job right on time in exactly two weeks.. that worked out well,0,1,0,1,0
4774,I quit my job earlier this week... What should I do now,1,1,0,0,0
4780,When I woke up this morning I did not think that I would be fired from asked to return to and quit the same job all within a span of 2 hrs,1,1,0,0,0
4790,this * time lst week i was walking home from being fired and i am now walking to me new job ooo,0,1,0,1,0
4792,Well I was fired from my job today (officially seeing how it is I have been suspended since last Wednesday).  Life goes on.,1,1,0,0,0
4798,I got fired from my job last week now I might go back to hm,1,1,0,0,0
4799,I got fired earlier and as soon as the store closed I went back to ask for my job back and they immediately said yes lol,0,1,0,1,0
4802,This week i lost my job got kicked out and mac miller died. Fuck man wtf stop it life isn‚Äôt cool,1,1,0,0,0
4809,I got fired Friday. Job interview Monday. Accepted the job offer Tuesday. First day of work Thursday. This is all happening so fast!,0,1,0,1,0
4812,I was fired today from my part time job in california because i did not go to work. They update... https://t.co/y05XxIuHPX,1,1,0,0,0
4815,Hey guys. I was laid off from http://t.co/7N4tnSH0ra yesterday. Please let me know if you know of somewhere hiring.,1,1,1,0,0
4819,RT @mrbeefy: I got laid off today. Anyone hiring Sams?,1,1,1,0,0
4860,@AlphaTwat Where do you apply for that? I got laid off yesterday.,1,1,1,0,0
4885,I am now unemployed and there is nothing to blame except for #ObamaCare #AffordableCareAct   #ThanksObama,1,1,0,0,0
4888,Since i am unemployed now i am becoming the family taxi and errand runner :(,1,1,0,0,0
4941,@VictoryCRussell in prev. position core presentation had factual grammatical errors. No editing allowed. Couldnt give it. Now unemployed,1,1,0,0,0
4958,Well I just quit my job... So anyone know anywhere hiring?,1,1,1,0,0
5000,Monday was a work day yesterday was my birthday and today I got fired. :/,1,1,0,0,0
5011,LaRosas just fired me for not coming into work after I tried to go and couldnt because I was sliding all over the road.,1,1,0,0,0
5014,I got fired for not going to work yesterday.,1,1,0,0,0
5019,@markschlereth Just got laid off any tips for staying busy while looking for a new job? #QuestionMark,1,1,1,0,0
5033,RT @markweaver: I got laid off today. Looking for a new gig full time or freelance. Hit me up ‚úå,1,1,1,0,0
5039,RT @jonfisher: Hey guys. My position was eliminated today and I got laid off. If you know anyone looking for a designer / project manager‚Ä¶,1,1,1,0,0
5047,How cool is it that I thought I was getting a different position and instead I got laid off.,1,1,0,0,0
5132,Im excited to see whats to come. I went from employed to laid off to aspiring entrepreneur in just 3 days.,1,1,0,0,0
5150,The architecture firm laid off a group of employees and unfortunately I was one of them. I am currently in shock... http://t.co/IFToIYFbg8,1,1,0,0,0
5151,Just got laid off and am pursuing potential career openings in the IT industry. If you know of any please let me... http://t.co/24FLT5UsIA,1,1,1,0,0
5152,I only worked 2 months &amp; already getting laid off,1,1,0,0,0
5156,Im still here yall I got laid off so my schedule is off they took my work phone so need to get a new phone for now on my iPad,1,1,0,0,0
5157,If only been laid off for 2 days are i have a potential job lined up. I must be lucky or something.,1,1,1,0,0
5158,I was laid off on Friday.  I am still in shock! Pray for me. If you are looking to hire please let me know @RosieRivera_JRR I live in Reseda,1,1,1,0,0
5159,I was just laid off and am looking for some babysitting dog sitting personal assistant or personal organizer work.,1,1,1,0,0
5162,So today I started out my birthday with being laid off work. Unemployment here I come. :/,1,1,0,0,0
5165,As of now I am officially laid off. Yippee.,1,1,0,0,0
5166,I was just laid off.If you need an accessibility analyst or perhaps a front-end developer let me know.,1,1,1,0,0
5167,Just got laid off... am I too late for recruiting? http://t.co/2585gBm2qc,1,1,1,0,0
5168,Unfortunely I was laid off today I am actively looking for other employment However an... http://t.co/RcgHPnyYL8,1,1,1,0,0
5169,Bad news: got laid off at work today. Good news: I now have time for that nap I desperately need.,1,1,0,0,0
5172,Well my job only lasted 7 days &amp; I got laid off again! I still need your Thoughts &amp; Prayers my Facebook &amp; Twitter... https://t.co/KeCe7JBcIo,1,1,0,0,0
5173,2 days of unemployment after getting laid off and I have checked my phone to be sure of the day of the week like 47 times... https://t.co/qb25lJlSn7,1,1,0,0,0
5174,As of 4pm today I am officially laid off. #unsurehowtofeel,1,1,0,0,0
5175,I got laid off on Monday needing to find a job quickly also hoping my house~ https://t.co/EBlIQaTyhn #pray #prayer https://t.co/KK4e7zDX6b,1,1,1,0,0
5176,My project got killed this weekend and in the process I was laid off meaning that I am available for new opportunities lets talk...,1,1,1,0,0
5177,I am no longer reporting on education @indystar - laid off Friday. 110% unexpected. Still bent on journalism/covering ed so plz RT,1,1,1,0,0
5179,Ummm I just got laid off of work.....,1,1,0,0,0
5180,I walked out of my job Saturday. This is the first time since 2011 that Ive been unemployed.,1,1,0,0,0
5182,First day of being unemployed and it feels sooo bad. I needa be on the go,1,1,0,0,0
5195,And now Im unemployed! #winning,1,1,0,0,0
5199,I finished at Barnes and Noble yesterday. I start my new job Monday. Enjoying 2 days of being an unemployed bum.,1,1,0,1,0
5208,My boss got captured by Mexican marines over the weekend so now im unemployed and shit. at least I can catch up on House of Cards now,1,1,0,0,0
5209,I just basically told my boss from work last year to fuck off so I am officially unemployed at CMU lol,1,1,0,0,0
5212,My job turnover rate is incredible lol Its Friday and I am officially unemployed again. Happy hour awaitssss @Nico_Ricooo @__jessicaaaaa,1,1,0,0,0
5220,Bad news - I am once again unemployed. My contract as a temp employee ended a little over an hour ago,1,1,0,0,0
5224,I‚Äôve been unemployed for 3 days and i am already so bored. can‚Äôt wait to start my new job monday.,1,1,0,1,0
5328,I was fired today after 21 years of police service with #MDPD. Im so hurt right now.,1,1,0,0,0
5329,Damn the 2 people who got my mom fired for no reason two months agai just got fired this month wow yall watch what you,1,1,0,0,0
5373,This blog post is about me getting laid off yesterday: Unemployed http://t.co/r3TkMKxp #employment #arts #nonprofits #veg #vegan,1,1,0,0,0
5374,Laid off yesterday morning and got a temporary gig today? Still looking for a permanent position but its better than nothing.,0,1,1,1,0
5385,I Got hired and cause of that shut down shit now I got fired before I started and I was gonna start tomorrow  Lol smh Im mad,1,1,0,1,0
5389,I got fired from my job yesterday no call no show supposedly chick I had cover my shift called the manager who wrote up termination..,1,1,0,0,0
5392,I lost my job and the only keys I had to my moms car all within 20 minutes... Hows your day going?,1,1,0,0,0
5396,So in 4 days I lost my job and my apartment. Ive got 19 days to find a place to stay and income. Im fucked.,1,1,1,0,0
5430,I was fired yesterday because I was told by my boss I was not aloud to take a break without first asking permission.,1,1,0,0,0
5434,Boss fired me for not being able to work 100hrs this week due to me having my kids like i do every week . The owner found out and isnt happy his Dozer got canned üòÇ. So needless to say that wasnt the best move on her part üòÇ.,1,1,0,0,0
5438,i think they fired me at fusion without telling me bc i didnt get the schedule for this week whoops,1,1,0,0,0
5441,Moms just finding out 2weeks later I got fired lol,1,1,0,0,0
5454,One upside to being newly unemployed is I now have some time to sit in the sun and catch up on my reading. #artofwo‚Ä¶ http://t.co/mawCRcMcsD,1,1,0,0,0
5458,officially unemployed but so happy to have left my first job on a good note. celebrating with bubbly and deleting work email from my phone!,1,1,0,0,0
5464,Fired... I guess me and a job werent meant to be üòÇ #unemployed,1,1,0,0,0
5477,I got fired from my job today. But thats ok because the place was very ghetto,1,1,0,0,0
5478,My job fired me wow,1,1,0,0,0
5484,I fired my employer today,1,1,0,0,0
5513,Just got laid off from one of my jobs to kick the new year off right! Dont forget to follow @KnottyGamers and get ready for the flooding.,1,1,0,0,0
5514,So I got laid off this week. Company I worked for is going under it seams. I hate change  but change is probably the best thing right now.,1,1,0,0,0
5534,I wasnt fired from my job I was laid off but you wouldnt know the difference!,1,1,0,0,0
5354,Apple posted a job you might be interested in: Genius - Retail Technical Support - Santa Barbara California Area US.,0,0,0,0,1
3336,The 49rs fired Natalies dad just go hire Chip Kelly??!,0,0,0,0,0
2322,I went from being unemployed to now having 2 jobs in a months time! Im a living witness that with God ALL things are possible!,0,0,0,1,0
797,I am currently searching for myself a new FT/Consulting Human Resources/Talent Development/Management/Acquisition position in S. Florida,0,0,1,0,0
4781,Earlier this week Calvin Johnson mentions retirement. Later in the week pats head of scouting rumored to take GM job in Detroit@scottzolak,0,0,0,0,0
792,I am still quite bearish on oil and may initiate a new short position in the new year. I am currently flat with no position in any markets.,0,0,0,0,0
3462,Just found out my boss has been shifted to a lower position and starting this week Im getting a new boss o.o That seemed sudden!,0,0,0,0,0
4554,OK #Nashville - I have a 19 year old with brains and muscles (my son) who needs a job. Anyone hiring or know of an opportunity?,0,0,1,0,0
3365,Who are the police hiring? Lee County deputy fired after ignoring 911 call to eat lunch - woman dies. http://t.co/mEhlGcNqNI,0,0,0,0,0
2107,Searching for #work in Lynn MA? Send your #resume to IBERIA Foods Co. of New England Inc.. http://t.co/CPOO3KWX7C #gethired,0,0,0,0,1
1906,Best wishes to @superCalo hearing he is the first one to get laid off by wMe,0,0,0,0,0
1877,RT @USMC_DD1: This deal ended up costing Tax payers $7.5 million and Carrier laid off 900 people after it. -200 jobs. If HRC did‚Ä¶ ,0,0,0,0,0
897,#Job #OklahomaCity Retail Automotive Sales Position (OKC Metro): I am looking for a self-motivated responsibl... http://t.co/gKhXLwRgEB,0,0,0,0,1
1539,Wow really didnt go to my first job this morning lets hope they didnt fire my ass,0,0,0,0,0
2713,#Job #Houston (USA-TX-Houston) SMB Sales Representative II: An mid-level sales position targeting small-to-med... http://t.co/M5KeHPGHTI,0,0,0,0,1
4053,I am unemployed. I have a judgement against me. I am on my patents checking accounts as a signer for emergencies... http://t.co/r1y9nsqbaj,1,0,0,0,0
1280,My wifi at home is not working for reason so I go to Tim Hortons to get their wifi and the guy was like our wifi is currently not working,0,0,0,0,0
236,My life today is a result of how I lived my life yesterday. So I must work now for a better tomorrow,0,0,0,0,0
2544,Looking for a flexible position where you make a impact? You just found it. https://t.co/hF3HppLJB4,0,0,0,0,1
1606,Are looking for an exciting new career in sales? - OfficeTeam: (#WestChester OH) http://t.co/4CClvOw5RF #Sales #OfficeTeam #Job #Jobs,0,0,0,0,1
2831,Looking for a work from home job? FT &amp; PT #CustomerService positions open now: http://t.co/QCOHwycNNM #Job #Veteran,0,0,0,0,1
3879,The lady I was hired to take over her job temporarily while she was on maternity leave resigned. I smell an extension of my internship ü§ëü§ëü§ë,0,0,0,0,0
2590,Looking for some inspiration to get off the couch? Here are some quotes to get you fired up! http://t.co/dGAQ1Rh8VM,0,0,0,0,0
2761,Okay so today I received letter saying I was nominated by my work for an Intern of the Year Award and now Im hearing Vine is coming back??? WHAT HAPPENED TODAY,0,0,0,0,0
2423,Too Young To Retire; Too Old To Get Hired? http://t.co/grbwIFBgLq,0,0,0,0,0
2281,Looking for a job or seeking to advance professionally? CALBOs 3rd Annual Job Fair &amp; Career Development Day Thursday March 29 2018 from 8:30am - 12:00pmFree Admission! https://t.co/GA20tITSOG,0,0,0,0,1
3263,Dead ass Macys must have hired me 5 time and fired me 5 times.,0,0,0,0,0
1821,I am seeking a cofounder with programming experience...please no companies,0,0,0,0,1
1128,Yes I am sending resumes and filing out job applications on Christmas.,0,0,1,0,0
2547,Looking for a new position? Visit @McCormickSems job board for open opportunities across the country &gt;&gt; https://t.co/6zddyM6joi,0,0,0,0,1
4704,Anyone hiring?! In need if a second job!! #gainesville #ga,0,0,1,0,0
2615,Looking for some inspiration to get off the couch? Here are some quotes to get you fired up! http://t.co/nIc8rcG0bs,0,0,0,0,0
325,i am thinking of changing my internship workplace if it is Gods will and i am searching for a place  http://t.co/GuAdDjDAku #pray #prayer,0,0,1,0,0
1780,I am currently suffering from severe lack of kisses please donate to my cause.,0,0,0,0,0
3218,RT @CBSMoneyWatch: You made a mistake on the job and got fired - how do you address that when searching for a new gig? http://t.co/uEG0tQyx‚Ä¶,0,0,0,0,0
1238,Al-Futtaim Group Real Estate posted a job you might be interested in. Project Manager ‚Äì Network Development | Auto‚Ä¶ ‚Ä¶,0,0,0,0,1
1083,I am seeking a mid-level #SQLServerDeveloper for a perm position in N. #CharlotteNC. Send resumes to mhamilton@tmfloyd.com! #SQL #ITjobs #RT,0,0,0,0,1
2266,Looking for a new career path? The FAA is hiring 1400 air traffic controllers. #jobs https://t.co/HZQ9HGlESC https://t.co/3RDDaYhpqh,0,0,0,0,1
4821,Anyone heard in the news that Intel Corp has laid off 12000 employees? Sadly after 23 years‚Ä¶ https://t.co/xifriWGMi7,0,0,0,0,0
1002,Here‚Äôs why you only have a 0.2% chance of getting hired at Google http://t.co/cBaTQD4WxU - Bock lists leadership as Googles 2nd priority.,0,0,0,0,0
366,I am looking for a videographer who can do some outstanding music videos. I got a project I am working on,0,0,0,0,1
658,A social cause might have you so fired up today that you cant... More for Leo https://t.co/NaDUeSbwWi,0,0,0,0,0
2162,Searching for #work in Cleveland OH? Send your #resume to Amotec Inc.. http://t.co/bNF6YGmSrA #gethired,0,0,0,0,1
5005,Yep still legit surprised I havent been fired yet for all the times #wmata has made me late to work,0,0,0,0,0
2269,looking for a customer service position ? Montreal Job (Quebec QC)  http://t.co/m7hLuBE5Sk  #job #jobs #Quebec,0,0,0,0,1
1290,Phone is currently not working message me on twitter or facebook to contact me for the mean time.,0,0,0,0,0
4150,4 Signs You Are Underemployed http://t.co/QgvX6feKQ4 #broke #underemployed #unemployed,0,0,0,0,0
3646,Looking for a #tax write off for the year? #realestate #property #investment   https://t.co/f9vcFAW2V8 https://t.co/WdXTS61EC5,0,0,0,0,0
4660,Well I just applied for a few jobs to day and I hope I get hired so I can get more money coming so I can afford to have a boyfriend.,1,0,1,0,0
1277,Wifi currently not working at home.... What is there to do rn.... Where da weed man at,0,0,0,0,0
2813,Looking for a summer job internship or year round work? Our 2016 Job &amp; Internship Guide has a‚Ä¶ https://t.co/VyGSoMsxBE,0,0,0,0,1
5296,I remember when I thought Eric Bledsoe was the answer. I remember when I thought firing Jason Kidd was the answer. But both have just caused more problems,0,0,0,0,0
1177,TODAY.TIME 2 FIND A NEW THERAPIST. MINE GOT LAID OFF BECAUSE OF BUDGET CUTS. REAL BUMMER CAUSE WE DID ART THERAPY &amp; I THRIVED!! BN,0,0,0,0,0
3686,I am now a libertarian.,0,0,0,0,0
2739,I am playing GTA Online what I did was go into a solo session press start go under online and hit find a new session and it worked!,0,0,0,0,0
2339,Anyone looking for a Paid Summer internship??? If so check out http://t.co/vp1Lqn72i9,0,0,0,0,1
4025,I think my Chinese house mate is currently living on Chinese time. I am living on unemployed borrowed time.,1,0,0,0,0
5370,RT @olivierlacan: Firing People https://t.co/WPZazjnjawThe best thing I‚Äôve ever read about getting fired or laid off.,0,0,0,0,0
3632,Looking for a #Senior #Litigation Paralegal - New Position!! #jobs http://t.co/7lZCvQeQ4L,0,0,0,0,1
4151,95 million American people unemployed. Vote for #Trump https://t.co/rG9qCMXhLj,0,0,0,0,0
3091,Sooo when I tried to quit today my boss looked at me like I had shot her or something...,0,0,0,0,0
2224,I was employed and now im unemployed again. #walmart #seasonal #temp lmao.,1,0,0,0,0
45,Dec is 4 yrs since I was laid off as a paralegal started accepting advertisements on my blog before that I only ran charity ads pro bono.,1,0,0,0,0
5171,Every day I go in hoping I wont be called to the office for a Im sorry but... talk. In 09 was laid off (80% of the shop) for 3 months.,0,0,0,0,0
1544,lol the job that fired me this summer was holding training in the same studio that I worked with TADA in this week.... #fuckthem,0,0,0,0,0
3542,Lost my wallet and cracked my iPhone 5 screen... Wteff happened yesterday? Ughhhh.,0,0,0,0,0
4986,Earlier this week I got told to get my life by a girl who works part time minimum wage at a movie theatre and doesnt know how to drive üòÇ,0,0,0,0,0
1114,I am job searching for: Work at home jobs! http://t.co/4tgcXWg6JK ‚Äî Walker Inklebarger (@Walker_marocliv.... http://t.co/2Krzj9OxCV,0,0,1,0,0
1927,RT @onwnews: Wed like to talk with any Oshkosh Corp. employees laid off last year about their experiences afterward. E-mail or DM us 2 tal‚Ä¶,0,0,0,0,0
4084,My boss unfollowed me I think I may be getting fired,0,0,0,0,0
561,This morning I fired myself then rehired myself!! Today is a great day to take action and reach for your dreams!! #YPR #newday #bigdreams,0,0,0,0,0
2872,Man being unemployed is the best. You get so much shit done when you dont have all that work shit getting in the way. A++ would recommend,1,0,0,0,0
1449,Been long-term unemployed? Great advice here about how to get back into the workforce: https://t.co/PWzp2KGtUR https://t.co/1WvkriFsUO,0,0,0,0,0
5261,Who else has quit a job in a really shitty way???,0,0,0,0,0
2521,Looking for an Internship or Full time position? The State of Michigan recruits WSU Friday at Noon in the Alumni house. @WSUPress,0,0,0,0,1
2680,#Georgia #Jobs Field Supervisor- Temporary - Spectra Georgia: Norcross Position overview:to field inspect job ... http://t.co/ofuHQavtoL,0,0,0,0,1
320,Today I watched someone lose their finger...,0,0,0,0,0
2088,Looking for #Java #Training? https://t.co/WNI7tYzUMr Register for #TrainingSession get #Hired by top firms https://t.co/FhwLrp0RGf,0,0,0,0,0
2784,I just got a letter from the HR dept of the company I work for saying that my last day on payroll was in March...I definitely got paid today,0,0,0,0,0
4412,@InManibusDei The ticket prices of several inaugural balls just cut $$ to 1/4 of original $$ so the buses just fired up.,0,0,0,0,0
2473,Here is a great website you can use to create the perfect resume and #GetHired https://t.co/ZjQUxeQLM4,0,0,0,0,0
2331,Now I am actively looking for jobs in Manhattan and uggh I hate looking for jobs,1,0,1,0,0
3856,I just got hired at a dental office things couldnt get better,0,0,0,1,0
755,you might be interested in: Assistant Director/Director of Academic Support Position at Thurgood Marshall https://t.co/XtRzKsjw9k,0,0,0,0,1
4332,In need of another job ASAP anyone job hiring?? #asktwitter,0,0,1,0,0
2312,Hubby turns 50 tomorrow.We had planned to go out to dinner but then he lost his job so instead I will make him some peanut butter cookies.still waiting for a decision from unemployment,0,0,0,0,0
610,Looking to Hire or Be Hired? Turn to Social Media #management - http://t.co/JV6ScdbBSa,0,0,0,0,0
1422,Unemployed Under-Employed Unhappily Employed? Find #jobs &amp; career solutions on #LinkedIn in the Job &amp; Career... http://t.co/vQKcRuUByE,0,0,0,0,1
893,Looking for a new career in the IT field? Head over to our website http://t.co/38APTLRqc2 for our complete list of open positions!,0,0,0,0,1
3361,Stock trader fired from a brokerage house or merchant checking banana spots and futures? ü§î https://t.co/9EEsArhSrR,0,0,0,0,0
5052,@ShalOmike @SenSanders Yeah sure you retired. Being laid off and collecting unemployment isnt being retired dumbass.,0,0,0,0,0
3209,I am positioning myself so that I can move in the full power of Christ. I am fired up.#boldness #christ,0,0,0,0,0
2393,Elixir or Erlang Developer? HelloSign (YC W11) Is Hiring https://t.co/OhfeR6vg4K,0,0,0,0,1
4162,America‚Äôs 10 million unemployed youth spell danger for future economic growth. http://t.co/SPFAabijkc,0,0,0,0,0
831,.@QuanticoTV midseason finale ODENVY gave us quite a shock! Read reporter @crisscross_ems recap at https://t.co/Gp72VdjbME! #Quantico https://t.co/cuCQTeGseF,0,0,0,0,0
1552,This weeknd I took a couple days off so I could drive down to eugene for a job interview. Also gotta move into my new house.,0,0,1,0,0
1520,I recently wondered aloud (which was the mistake) what I should do with my newly found free time. I was then of course buried in work.,0,0,0,0,0
1629,I am quitting smoking.,0,0,0,0,0
2241,Ad: Unemployed? Looking for a new Job or Career? Work at Home Positions avail $80-$90 a hr http://t.co/QctV6WLzVk,0,0,0,0,1
143,work called today wanting me to help with ship from store.. I swear I was hired as a cashier not apparel yet i do everything but that..,0,0,0,0,0
1058,Currently applying for jobs....,1,0,1,0,0
4069,The tool I use for my online job is broken and offline. The Helpdesk support is also offline. I am in the middle of work. #Gonnagetfired.,0,0,0,0,0
1642,I am quiting shadowgun deadzone its a game madfinger games had develop for multiplayer. I am leaving I am doing gameloft games.,0,0,0,0,0
4775,This dude earlier this week said I should quit my job and go back to making tacos.,0,0,0,0,0
2714,#Job #Houston Head UI  + UX Designer (houston tx): Position: Head UI + UX Designer Location: Houston Status:... http://t.co/NfoBHqRWlf,0,0,0,0,1
5519,Any College Students or Unemployed Individuals Interested In Marketing or Blogging? Apply Today: https://t.co/jlO1VDP1Ip https://t.co/RZ9Qus1o0e,0,0,0,0,1
3003,Recently realized that Im making the same amount of money working 12-hour days as an artist as I did working 3-hour days as a janitor.,0,0,0,0,0
177,So today i got car sick had a boring day at work had to take a 2 hour bus ride home in the middle if the night &amp; said bus was an hour late,0,0,0,0,0
1338,Interested in a #job in #Mesquite TX? This could be a great fit: https://t.co/Ml3p0JzHxs #Retail #Hiring #CareerArc,0,0,0,0,1
288,I JUST GOT HIRED TO BE A WAITER AT BUNKER HILL BAR AND GRILL WHICH IS A NEW RESTAURANT OPENING UP AT THE MALL HOLY FUCK IM SO HAPPYüò´üôè,0,0,0,1,0
1841,I AM IN SEARCH OF MODELS WHO WANT TO BE IN A CREATIVE BRIDAL PHOTOSHOOT!!! RT &amp; DM ME ‚ú®,0,0,0,0,1
3556,I recently started listening to Logic and G Eazy and they dope,0,0,0,0,0
878,RT @USATODAY: Unemployed grow more desperate as jobless-aid fails http://t.co/2iBBlGsW1e,0,0,0,0,0
1765,Laid off next week. Ahhhh #CorporateAmerica #Merica #unemployment,0,0,0,0,0
3217,I am going to have to hire a new personal assistant cause apparently getting ready for a football game is more important than me. Fired,0,0,0,0,0
3639,Looking for a #Full #Time Assistant 3rd Shift Grocery Manager Trainee - Central Avenue #jobs http://t.co/yeDq4MSKHg http://t.co/1tkXESwv0t,0,0,0,0,1
2870,Be unemployed is not fun but being able to spend more time in Chelsea working to collaborate &amp; get things done has been fulfilling,1,0,0,0,0
2130,Searching for #work in Cleveland OH? Send your #resume to Cleveland Metropolitan School District. http://t.co/e9RnS0cEvB #gethired,0,0,0,0,1
1186,I feel #determined today idk why. I am ready to get things done. I am so over this laid off shit!!,1,0,0,0,0
2333,weird mind place bc my job made me depressed which led me to drink dangerously but I can tell Im a different depressed being unemployed,1,0,0,0,0
2065,Looking for new challenges? On @Hired_HQ the best #rails #python #javascript companies compete for you. http://t.co/nQz3gsDbov,0,0,0,0,1
2283,Looking for a rewarding job in a great working environment? Look @ jobs posted on the Penn Emblem Careers page: http://t.co/dAg5WuGPT2,0,0,0,0,1
937,Damn I got interviewed first and a girl was getting interviewed after me for the same position but I got hired on the spot hahaha,0,0,0,1,0
1059,I am currently looking for paid Sales Interns.  Send your resume to scott.m.herlin@sherwin.com #jobs #jobhunt #resume #intership,0,0,0,0,1
1095,I am job searching for: Work at home jobs! http://t.co/4tgcXWg6JK ‚Äî Walker Inklebarger (@Walker_marocliv.... http://t.co/7lxxMP4mdn,0,0,1,0,0
385,Im Searching for an Executive Sous Chef in DC to work for an award winning Chef...must be cutting edge creative positive with amazing e‚Ä¶,0,0,0,0,1
5494,Currently missing my car. Also missing the 2k I just spent on it. Rip to my savings,0,0,0,0,0
3683,So apparently my year of unemployment is my fault and I am picky and not trying hard enough.,1,0,0,0,0
3148,Duped: I was laid off received severance package which allowed me to find another position within a large wor... http://t.co/3iRsq2KyYY,0,0,0,0,0
861,Dont mind if I do... #unemployed http://t.co/0kD55NAlkN,1,0,0,0,0
5036,@Jeff_Erickson HAHAH surprisingly no. Im being laid off on the 15th so Im just looking at different career/job options,0,0,1,0,0
4644,so is anyone hiring? my coworkers are laughing in the face of another coworker a black nigerian immigrant that practices islam.,0,0,1,0,0
4134,Brandon is fired for trying to trade @LexieGordon3 . We are now considering myself or Ira Crawely to fill the position.,0,0,0,0,0
4462,My coworker got accepted to Utah state &amp; quit today and my supervisors are mad af,0,0,0,0,0
4926,Now taking side piece applications. Sometimes its a paid position ;). Dm me,0,0,0,0,1
1451,Unemployed? No job? Looking for employment?  Now hiring! http://t.co/uwCbHWfUuh http://t.co/8puUxiX0I8,0,0,0,0,1
3752,I am now the lowest paid manager at work. Time to quit.,0,0,0,0,0
1686,3 people quit at the DQ in Morris today and I applied.. if I dont get hired Im giving up all hope,1,0,1,0,0
3032,My job pissed me off so bad today for the first time  if this money that was rolling in wasnt so good . I would fuckin quit man,0,0,0,0,0
4743,girl got fired so Im working her hours til my manager find somebody new.,0,0,0,0,0
4224,Currently getting attacked by mosquitos in my own home. Absolutely miserable and in too much pain someone be a homie and help me out.,0,0,0,0,0
2745,I worked out in the morning and I got off work on time. I got time today,0,0,0,0,0
2236,Im an unemployed lump so Ill be staying up as late as I please for the next week or so until I get my resume in order to send out.,0,0,1,0,0
1874,RT @Mark_JekyllHyde: If all non Essential fed employees are laid off why is Obama and Reid still on TV today?,0,0,0,0,0
3242,Got fired today from a job I worked 12 yearsAfter getting shift covered for Sunday.All because I  working at a new job..,0,0,0,0,0
105,on a brighter note I got hired today so Im stoked n I start tomorrow,0,0,0,1,0
1865,if the company decides deduct pay for times the salaried employee is laid off.,0,0,0,0,0
4558,Needing a second job (preferably retail) anybody hiring?,0,0,1,0,0
4319,Anyone know places in CLE/Akron that are hiring?!! I am having a hard time finding a job. Please let me know of any,1,0,1,0,0
1420,Unemployed Under-Employed Unhappily Employed? Find jobs &amp; career solutions on LinkedIn in JCD The Job Seeker &amp;... http://t.co/kQ3H09h5ag,0,0,0,0,1
400,I am working on new #literary #Jewelry designs and looking for inspiration. What are your favorite #books &amp; #poems.  #handmadehour,0,0,0,0,0
4067,I obtain job soon after I forced to quit or fired Bullied 24-7 for no reason ongoing harass by Mr Falk SD Governor Atty G,0,0,0,0,0
5015,Last week a customer hit me at work I defended myself and took him down and now I get suspended!,0,0,0,0,0
2789,Also got yelled at by a guy today &amp; he told me youre gonna regret this you dont even know who I work for,0,0,0,0,0
4663,I was hired and now have health insurance and can pay for my sons daycare. Thanks Obama.,0,0,0,0,0
3689,Unemployment is cool because I get to sit here all day and reflect on how much of a piece of shit I am,1,0,0,0,0
839,1916:Happy Birthday Hal Smithvoice artistwriter&amp; actor who haBabe stop ¬≥ Stop It ! Babe Quit ¬è Baby You Play To,0,0,0,0,0
2192,Bad News Rob Ryan Was Fired. Good News Rob Ryan Is Unemployed And Living In New Orleans https://t.co/YJMaUrfKZw https://t.co/owjz95HINM,0,0,0,0,0
503,New owners and managers wanna get me whether on the street atthe job or fired,0,0,0,0,0
2258,Looking for a great part time job OR a career change? Visit http://t.co/s5v4e7q0Jf today! #jobs #employment,0,0,0,0,1
1805,I am searching for a hotel for @A1A_Marathon. Any suggestions?,0,0,0,0,0
2707,#Job #Fresno NP Full Time Position (FresnoCA): Assignment: One year 40hrs/week 5x8hr shifts Mon.-Fri. Loc... http://t.co/ZNkBGqvl0h,0,0,0,0,1
2019,Looking for a new job in 2016? NPA Career Central - Connecting Parking Pros &amp; Employers. Get Hired! Hire Smart! https://t.co/A293evFzvd,0,0,0,0,1
1548,Last week I got to leave work an hour early. This week my boss let me leave two hours early. #ilovemyjob,0,0,0,0,0
5050,This is so unfair. People who get unemployment worked many for years before being laid off or downsized. Wow! http://t.co/26zabsxjYz,0,0,0,0,0
752,#Maintenance Technician #Are you interested in an entry-level position with a growingproperty management company? If you are ready to start your career this couldbe the opportunity for you! RHP Properties* ( https://t.co/2NXiLmE1pD via @jobsearchmoney #jobs #search https://t.co/DP3a3YL2As,0,0,0,0,1
1492,Lost my earring at work yesterday and today my #italian wallet was #stolen ... #mondays seem to haunt the rest of my week! #ugh #somad,0,0,0,0,0
846,1 in 13 Americans are now unemployed. #GreatDepression,0,0,0,0,0
3037,Lost my travel mug over the weekend.  I have no coffee at my desk .  I quit!,0,0,0,0,0
1807,i am searching to make sexy for online dating. If you want to meed with me please go to thurhttps://t.co/A71QhelbvQ https://t.co/AONI58bV48,0,0,0,0,0
2959,My Aunt starts working at Subway today owned by the people that own the 2 stores I worked at lol shes gonna call me like I UNDERSTAND NOW,0,0,0,0,0
5059,Is There Life After Being Laid Off? via @amazonkindle #newprice #careers http://t.co/wjLUzTWV,0,0,0,0,0
1721,@moulinroux get sick so you have to take short term disability? Ummm get laid off and take unemployment?,0,0,0,0,0
874,RT @Lrihendry: At carwash a black American owns hires young unemployed kids. Capitalism and spirit of entrepreneurship taken away fr black‚Ä¶,0,0,0,0,0
3521,I kinda want to quit my job this week but then again watch me be unemployed for another 3 months like last time,0,0,0,0,0
1243,A2. Use assignment opportunities in the hiring process to show off your skills if you might be worried about experience. #WorkTrends,0,0,0,0,0
1022,Interested in a #job in #Florida 526? This could be a great fit: https://t.co/TgcF5ehP4R #NowHiring #GetHired #Hiring,0,0,0,0,1
771,Looking to join a dynamic innovative team? #Fremonts City Land Surveyor position might be for you. Check it out https://t.co/B8Yxpiq7RE,0,0,0,0,1
4322,Anybody‚Äôs job hiring????,0,0,1,0,0
8,I WASNT FIRED I WAS LAID OFF BUT YOU WOULDNT KNOW THE DIFFERENCE,1,0,0,0,0
1873,RT @DailyCaller: Laid Off Coal Worker Confronts Hillary Over Her Promise To Eradicate Industry [VIDEO] https://t.co/IGbY8E6OG5,0,0,0,0,0
3974,Hey I got hired full time today :),0,0,0,1,0
3875,My DM who hired me two years ago said goodbye to me today. Tomorrow is my last day in her district. So sad :(,0,0,0,0,0
2566,Looking for a change of pace? - The Top 25 Companies With The Most Work-From-Home PositionsVia @Forbeshttps://t.co/uvFyT6RmeU#Working #WorkFromHome #Jobs https://t.co/E13ezLdkQZ,0,0,0,0,1
4188,...right-to-work laws are a bad idea -- whether theyre constitutionalized or not. #1uvote https://t.co/5y8osCJOb4,0,0,0,0,0
5235,Salary or equity? This website wants to help you understand startup job offers https://t.co/68q1T3IYt2,0,0,0,0,0
2227,Im sorry all I heard was that youre unemployed.,0,0,0,0,0
4091,Sleeping on the plane backfired and I still have not slept. I must nap immediately.,0,0,0,0,0
5221,My job makes me feel simultaneously unemployed and like a real adult and tbh I love it,0,0,0,0,0
1223,You might work next to a fellow Tulane alum and not even know it! Find each other with Green Wave @ Work http://t.co/DiSE6oouz2,0,0,0,0,0
4624,Anyone own or work for a towing company???,0,0,0,0,0
2517,Looking for a part-time position for full time pay? (Tampa¬†Bay) https://t.co/O1RXqVNc11,0,0,0,0,1
2083,Looking for a new #career in architecture?  Get hired here by doing this one thing! http://t.co/O6ccG3AlV7,0,0,0,0,1
3592,A year ago today I started working at Starbucks #store2717. The decision #tobepartner was one of my best decisions ever.,0,0,0,0,0
4339,anyone in #inlandempire know of anyone hiring? its time for a new chapter/better job,0,0,1,0,0
4215,Interested in a #Transportation #job near #MESQUITE TX? This could be a great fit: https://t.co/yOnZ2OyVFK #Hiring #CareerArc,0,0,0,0,1
972,Interested in a #job in #Ohio 20226? This could be a great fit: https://t.co/eLTq7v9hOw #NowHiring #GetHired #Manufacturing #Hiring,0,0,0,0,1
2132,Searching for #work in New Albany IN? Send your #resume to McDonalds. http://t.co/4q2UhfABhg #gethired,0,0,0,0,1
205,Today I lost a coworker carpool partner gym buddy and close friend. RIP@grandmoff,0,0,0,0,0
3155,I for one am looking forward to those govt employees who have been state supporters for decades getting pushed to retirement or laid off,0,0,0,0,0
869,RT @AlisaValentin: Boxed In: How a Criminal Record Keeps You Unemployed For Life | The Nation http://t.co/LWHUF7VRJy via @thenation,0,0,0,0,0
5254,Pay for child care or quit work? Calgary families forced to choose http://t.co/tI3nB6uXVY via @metrocalgary,0,0,0,0,0
1012,Heres what you need to get hired next year https://t.co/UYrqd2yf55 via @MONEY,0,0,0,0,0
3766,Wait masturbation?? Whos suffering there?? Making class discussions awkward is my job.,0,0,0,0,0
4868,Been unemployed for awhile? Contracting can help you get back in the game: https://t.co/VKsHLP3Unh,0,0,0,0,1
1673,So dont wanna go to work today shit I need to quit this shit and just be self employed again fuck having an employer shit sucks,0,0,0,0,0
1858,@The_Yodacat I totes feel ya its the same way with me when Im working lol laid off now  glad to hear YU are doin well.Enjoy yur Sunday,1,0,0,0,0
614,Hired gun? Birmingham Water Works hires second legislative lobbyist in time for next session http://t.co/gQIJeTUU2G,0,0,0,0,0
4182,RT @SuzyKhimm: The longer Congress waits the more unemployed will lose their benefits‚Äî+310000 cut off by the end of January. http://t.co/‚Ä¶,0,0,0,0,0
2068,Looking for #career growth opportunities? Join GE in #Budapest #Hungary:  Lead #Accountant  @GECareers http://t.co/iTeYZMs09E #gethired,0,0,0,0,1
2271,Looking for a job or internship? Register for the SEC/ACC Virtual Career Fair Wed Apr 1 &amp; Thu Apr 2: http://t.co/VExsy3fCtN,0,0,0,0,1
4466,i got hired at 678! time to quit todai!#todai #toDIE!!!!,0,0,0,1,0
1887,RT @virgiltexas: Dont worry about me I wasnt laid off today. Im still Gawkers editor-in-chief of doing false flags against gamers.,0,0,0,0,0
4237,I AM CURRENTLY QUITE UNSETTLED.,0,0,0,0,0
910,I applied for a job position and surprisingly I got a call back today ya girl is making moves,1,0,1,0,0
2429,The Dallas Cowboys have hired Derek Dooley...much like the Jets asking about Jamarcus Russell this proves they simply dont care anymore,0,0,0,0,0
4334,Anyone hiring a Director or VP of Marketing? We have a friend whos looking. #dcjobs,0,0,0,0,0
5045,Just Got Laid Off? This Is The Two-Month Plan You Need To Follow https://t.co/50eHekJEoE,0,0,0,0,0
2046,Looking to make a career change? http://t.co/rA54iIaZKx #hiring #agents #naj #sales #consultants #professionals #pay #gethired #recruiting,0,0,0,0,1
3442,i was fired off of my music supervisor position on Bee Movie for replacing the entire score with this: https://t.co/W28k7bbJLi,1,0,0,0,0
2475,Want a #job? Check out our featured openings and you might just get #hired. #OracleJobs - http://t.co/LN1MT7vN,0,0,0,0,1
4024,I am currently unemployed homeless on food stamps fighting prostate cancer and use the Oxford comma. #IamtheMiddleClassunderObama,1,0,0,0,0
825,... Quite a few #Lakers fans are looking like this to me at the moment: http://t.co/NfWgj0Ev,0,0,0,0,0
5498,Man everybody at my job finna quit this shit hilarious,0,0,0,0,0
559,Someone got fired yesterday. Buying my supervisor some Starbucks this morning,0,0,0,0,0
3903,I recently was hired as a freelance sewing pattern proof reader and well I just finished proof reading my first piece!! https://t.co/YXMb9ny2nd,0,0,0,1,0
5459,Some girl at my work got a little upset lol. #ihop #quit #unemployed #funny http://t.co/PbfnDuKbbC,0,0,0,0,0
3160,Debating whether to switch jobs rn to a better company with higher pay OR stay at my current job till I get laid off &amp; then go there? ü§îüôÉ,0,0,1,0,0
4525,I honestly dont see how people stay unemployed!! I been in the house 2 days off work and Im about to have a hypertension attack. üòÇ #work,0,0,0,0,0
3957,I got hired to hamburger stand on Monday &amp; now I got hired at Hollister today woo üíØüòÇ,0,0,0,1,0
4231,My bank account cannot currently keep up with the lifestyle that I want to obtain. Therefore this makes me quite upset.,0,0,0,0,0
596,Has anyone hired an outside company for B2B sales? via /r/Entrepreneur http://t.co/vgiJ7h2Dzm,0,0,0,0,0
2342,Anyone knows about a music studio thats hiring ?,0,0,1,0,0
904,Today was a pretty good day. Found out I got the position I wanted &amp; some woman randomly gsve me a $5 tip,0,0,0,1,0
2671,#CUBoulder Faculty in Focus: Daniel Kellogg associate professor of music composition. http://t.co/ZIfmXAukVM,0,0,0,0,0
4312,Anyone know any jobs that are hiring??,unsure,0,1,0,0
3067,I should quit my job today cause they played me into working but..,0,0,0,0,0
2381,Anyone know a good website for resumes or someone know how to edit one??,0,0,1,0,0
746,Hi Connie Below are some opportunities that we thought you might be interested in. Each position links to the... https://t.co/NEKDmxm22y,0,0,0,0,1
2426,Not Hired Due to Age Discrimination? Fight Back! http://t.co/HQE6wzAP2k via @YouTube,0,0,0,0,0
3622,Looking for a job in #Arlington #VA? CAT II Bengali https://t.co/38oJl3yY6i #jobs #hiring,0,0,0,0,1
4677,You know I got hired to a company promising full time work and health care now working two days a week no health care. Vote Trump,0,0,0,0,0
2932,I even lost a little bit of weight. Not much but hey. I feel good. And today I found out I was promoted out of my current position!!!!,0,0,0,0,0
3136,Officially found out Im getting laid off for the month of June and no longer guaranteed a job in July. Let the search begin.,0,0,1,0,0
2155,Searching for #work in Dallas TX? Send your #resume to Dallas Independent School District. http://t.co/1S3CMK1Nw3 #gethired,0,0,0,0,1
3313,The cop got fired for misconduct seeing how he was just hired and was on his probational period and for being a dick to the wrong family.,0,0,0,0,0
2128,Searching for #work in Loudon NH? Send your #resume to Levy Restaurant Limited Partnership. http://t.co/CiB5zAuOru #gethired,0,0,0,0,1
4130,Im losing my home and car due to being fired and not being able to find job to cover immediate bills not ... http://t.co/eKwWHiZbWZ,1,0,1,0,0
2110,Searching for #work in New Haven CT? Send your #resume to New Haven School District. http://t.co/i60vuBNBsw #gethired,0,0,0,0,1
1665,Just got hired and Im finna quit real quick,0,0,0,1,0
6,I was laid off with a severance package-so of course that softened my blow. But I was unemployed nonetheless. Ive never relaxed so well.,1,0,0,0,0
1102,#jobs4u #jobs #ABQ I am seeking for a reliable and dependable nanny http://t.co/M4U1Moq18q #albuquerque #NM,0,0,0,0,1
339,I am looking for Lanyard Locket Ambassadors.  I am looking for 5 people who wear name badges in your workplace to... http://t.co/RM7uLKWSbK,0,0,0,0,1
3953,I got hired in a salon..... I start monday bitches,0,0,0,1,0
5322,I named one of my haters Employee of the Month earlier this week. He will get his certificate in the mail soon lol,0,0,0,0,0
2988,I recently conducted a 4-hour sales training workshop and had a great group of managers that were eager to learn! #storage #bealearner,0,0,0,0,0
2379,Does anyone know of any place (not a restaurant or fast food joint) hiring part time? Needing semi-constant hours each week.,0,0,1,0,0
4435,@Salon Imagine @realDonaldTrump singing: You desire a superhero well Im Batman babieeeee. Dont believe me honey? Then youre fired!,0,0,0,0,0
1879,RT @newsobserver: Did Pat McCrory really get laid off as he says in campaign video? https://t.co/s748inmQSw #ncpol https://t.co/oef2pkyb0e,0,0,0,0,0
1751,I understand people get laid off for bullshit. But think about how many people then apply for unemployment and how THAT affects the rate,0,0,0,0,0
3955,I got hired with that what these bitches want from a nigga on my voice mail tho...,0,0,0,0,0
4135,Jessica got fired from being a Lobbyist and Im trying to get her a new job.Jaik is a Paramedic.Both are Knowledge aspiration~,0,0,0,0,0
2485,Heres a fact if your kid is hired by Disney. Then most likely they will either go batshit crazy or in rehab.,0,0,0,0,0
2715,#Job #Jobs #Hiring RN-ER - Travel Nursing: Emergency Travel Nursing Position available in Turlock CA https://t.co/jzA8N2oj8A,0,0,0,0,1
